scan number,ms level,precursor m/z,precursor M+H,precursor charge,original precursor m/z,original precursor charge,isolation m/z,isolation width,isolation specificity,precursor intensity
11,2,687.391949730196,1373.77662299351,2,687.39208984375,2,0,0,0,1
32,2,1009.98845793362,4036.93200233386,4,1010.4893188477,4,0,0,0,1
53,2,869.449816503092,2606.33489657552,3,869.78631591797,3,0,0,0,1
74,2,758.157652589886,3029.60878095891,4,759.16021728516,4,0,0,0,1
