scan number,ms level,precursor m/z,precursor M+H,precursor charge,original precursor m/z,original precursor charge,isolation m/z,isolation width,isolation specificity,precursor intensity
11,2,687.39194973019551,1373.7766229935121,2,687.39194973019596,2,0,0,0,1
32,2,1009.9887038466821,4036.9329859860914,4,1009.98845793362,4,0,0,0,1
53,2,869.44983016417086,2606.334937558755,3,869.44981650309205,3,0,0,0,1
74,2,758.157631517357,3029.6086966687908,4,758.15765258988597,4,0,0,0,1
